,t_district,avg_household_income_t_district
0,AgdenesAgdenes,472900.0
1,AlfasetOslo,438900.0
2,AlgarheimUllensaker,579000.0
3,AlstadBodø,611600.0
4,Alstahaug/TjøttaAlstahaug,476900.0
5,Alta sentrum nordAlta,532000.0
6,Alta sentrum sydAlta,508500.0
7,AlversundLindås,590300.0
8,AndebuAndebu,485500.0
9,AndenesAndøy,483800.0
10,AndørjaIbestad,438800.0
11,AnkenesstrandNarvik,579900.0
12,AremarkAremark,490800.0
13,Arendal nordArendal,393800.0
14,Arendal sentrumArendal,305600.0
15,Arendal vestArendal,396100.0
16,Arendal østArendal,461800.0
17,ArnebergRingsaker,531900.0
18,ArnebergÅsnes,404800.0
19,ArnestadRingsaker,519600.0
20,Arnøya/LaukøyaSkjervøy,373300.0
21,AskAskøy,559300.0
22,AskimbyenAskim,428400.0
23,AspøyÅlesund,351400.0
24,AstafjordSkånland,465500.0
25,Atrå/Miland/MælTinn,549500.0
26,AudnedalAudnedal,528400.0
27,AukraAukra,555900.0
28,AurdalNord-Aurdal,469200.0
29,AureAure,483800.0
30,AurlandAurland,465500.0
31,AurskogAurskog-Høland,532500.0
32,AustarheimSauda,656800.0
33,AustefjordVolda,546500.0
34,AustmarkaKongsvinger,439300.0
35,Austre EidEid,623600.0
36,Austre MolandArendal,536100.0
37,AustrheimAustrheim,527000.0
38,Austrått/HøylandSandnes,607300.0
39,Austsida og OksenhalvøyaUllensvang,518900.0
40,AustsidaOdda,405800.0
41,AvaldsnesKarmøy,537300.0
42,Bagn og ReinliSør-Aurdal,442200.0
43,Bakke/GylandFlekkefjord,514500.0
44,BakkehaugområdetMålselv,543800.0
45,BaksalenHammerfest,468900.0
46,BaksidaSør-Fron,484600.0
47,BalestrandBalestrand,479500.0
48,BallangenBallangen,446400.0
49,BanesløyfenTønsberg,371700.0
50,BangsundNamsos,486400.0
51,BarduBardu,493400.0
52,BardufossområdetMålselv,510300.0
53,BarkåkerTønsberg,503600.0
54,BegnadalenSør-Aurdal,431300.0
55,BeiarnBeiarn,428900.0
56,BeisfjordNarvik,692100.0
57,BeitstadSteinkjer,567400.0
58,BekkelagetOslo,655900.0
59,BekkestrandaSande,570400.0
60,Berg-TyholtTrondheim,416400.0
61,Berg/SponvikenHalden,561200.0
62,BergBerg,462700.0
63,BerganNøtterøy,552800.0
64,Bergen sentrumBergen,353300.0
65,BergerNesodden,639600.0
66,BergerSvelvik,478700.0
67,BergjelandStavanger,389600.0
68,BergsengHarstad,473700.0
69,BergsengRingsaker,555800.0
70,BerlevågBerlevåg,427200.0
71,Bersagel/HøleSandnes,649100.0
72,BigsetHareid,608300.0
73,BillingstadAsker,617100.0
74,BindalBindal,441800.0
75,BiriGjøvik,497000.0
76,BirkelandSauda,478700.0
77,BirkenesBirkenes,521000.0
78,BjarkøyHarstad,460000.0
79,BjerkeNannestad,543600.0
80,BjerkeOslo,451800.0
81,BjerkelundKristiansund,595100.0
82,BjerkreimBjerkreim,624300.0
83,BjerkvikNarvik,494400.0
84,Bjoa/VikebygdVindafjord,527000.0
85,BjorelvnesområdetLenvik,482000.0
86,Bjugn/StjørnaBjugn,452800.0
87,BjølsenOslo,368300.0
88,Bjørkedal-Oklungen-LangangenPorsgrunn,569900.0
89,BjørkelangenAurskog-Høland,481400.0
90,BjørnemyrNesodden,545900.0
91,Bjørnholt-KurlandLørenskog,557600.0
92,BjørnskinnAndøy,442100.0
93,Bjørntvedt-MyrenePorsgrunn,414700.0
94,BlakerSørum,559500.0
95,BlakstadAsker,606100.0
96,BlindheimÅlesund,688800.0
97,BlomvågØygarden,568700.0
98,BlystadliaRælingen,505900.0
99,BoknBokn,572300.0
100,BordalenVoss,620700.0
101,BoreKlepp,628700.0
102,Borge/ValbergVestvågøy,409900.0
103,BorgeFredrikstad,589000.0
104,BorgenAsker,525200.0
105,BorgenOslo,665800.0
106,BorgenSarpsborg,505900.0
107,BorgenUllensaker,560500.0
108,BorgheimNøtterøy,444700.0
109,BorreHorten,537800.0
110,BorstrondiVoss,550500.0
111,Bragernes sentrumDrammen,398700.0
112,BrandbuGran,465800.0
113,BrandvalKongsvinger,476100.0
114,BraskereidfossVåler,448500.0
115,BratsbergTrondheim,560100.0
116,BrattåsNøtterøy,566600.0
117,BreidablikkSandefjord,526300.0
118,BreimGloppen,516000.0
119,BrekkeGulen,531000.0
120,BrekkeSkien,451300.0
121,Brekken/GlåmosRøros,468600.0
122,BremnesBømlo,536700.0
123,BrennåsenSongdalen,484000.0
124,BrevikPorsgrunn,467800.0
125,Bru-Sokn-MosterøyRennesøy,714400.0
126,Bruborg med omlandLevanger,512000.0
127,Brunlanes nordreLarvik,560200.0
128,Brunlanes vestreLarvik,571500.0
129,Brunlanes østreLarvik,568000.0
130,Bruvik/HausOsterøy,543200.0
131,BryneTime,498500.0
132,Brønnøy midtreBrønnøy,473100.0
133,BrønnøyBrønnøy,570600.0
134,BudFræna,515700.0
135,BugårdenSandefjord,475400.0
136,Buksnes nordreVestvågøy,486500.0
137,Buksnes søndreVestvågøy,536800.0
138,BulkenVoss,598900.0
139,BuvikSkaun,619900.0
140,BuøyStavanger,555500.0
141,BygdaMeldal,493700.0
142,BygdøyOslo,586400.0
143,ByglandBygland,459600.0
144,BykjernenMandal,420100.0
145,BykleBykle,478100.0
146,Byneset-LeinstrandTrondheim,597000.0
147,ByskogenLarvik,454900.0
148,ByåsenTrondheim,623300.0
149,BåsmoenRana,641200.0
150,BåstadTrøgstad,498500.0
151,BåtsfjordBåtsfjord,461200.0
152,Bærums VerkBærum,724100.0
153,Bø nordreBø,499453.1380753138
154,Bø sentrumBø,432400.0
155,Bø søndreBø,369600.0
156,BønesBergen,706600.0
157,BørsaSkaun,571500.0
158,BøverbruVestre Toten,479400.0
159,Charlottenlund-JakobsliTrondheim,573700.0
160,DalEidsvoll,498700.0
161,DalaneØrsta,563400.0
162,Dalborgen-KopperudGjøvik,499800.0
163,Dale/GuddalFjaler,427900.0
164,DaleKristiansund,686800.0
165,DaleVaksdal,462000.0
166,DalenFet,583400.0
167,DalselvRana,604800.0
168,DalsfjordVolda,523500.0
169,Danvik-FjellDrammen,466500.0
170,DeglumRingsaker,532800.0
171,DesetÅmot,469600.0
172,DisenåSør-Odal,501700.0
173,DistriktetVadsø,532800.0
174,Dovre nordDovre,454300.0
175,Dovre sydDovre,451100.0
176,DrangedalDrangedal,437400.0
177,DrengsrudAsker,674100.0
178,Drevja-SkalandVefsn,515700.0
179,Drolsum og SnarumModum,518600.0
180,DrøbakFrogn,519500.0
181,DunderlandsdalenRana,503800.0
182,DverbergAndøy,455400.0
183,DypvågTvedestrand,536300.0
184,DyrøyDyrøy,426300.0
185,DysjalandSola,589300.0
186,DønnaDønna,435800.0
187,Dønski-RudBærum,444200.0
188,EgersundEigersund,504300.0
189,EggeLier,569000.0
190,EggeSteinkjer,507800.0
191,EggedalSigdal,496500.0
192,Eidanger-ØyenePorsgrunn,493300.0
193,EideEide,534900.0
194,EidfjordEidfjord,506200.0
195,Eidsvoll VerkEidsvoll,526100.0
196,EidsvågBergen,572200.0
197,EieEigersund,484700.0
198,EiganesStavanger,467300.0
199,EigerøyEigersund,633400.0
200,EikTønsberg,492000.0
201,Eikefjord/BruFlora,565300.0
202,EikenHægebostad,593800.0
203,EinaVestre Toten,482500.0
204,Ekeberg og BorgenHolmestrand,532800.0
205,EkholtRygge,491700.0
206,EllingsøyÅlesund,625500.0
207,EmblemÅlesund,663500.0
208,EndelausenRingsaker,504600.0
209,EngelsvollKlepp,640200.0
210,EngerSøndre Land,402500.0
211,Engerdal nordEngerdal,440300.0
212,Engerdal sørEngerdal,472000.0
213,ErdalAskøy,625400.0
214,Eresfjord og VistdalNesset,511100.0
215,Erfjord/JelsaSuldal,555500.0
216,Ersfjord/RøssholmdjuptaTromsø,690600.0
217,"Ervik, Kasfjord og AunHarstad",570000.0
218,EtneEtne,541100.0
219,EtnedalEtnedal,414300.0
220,EvangerVoss,487700.0
221,EvenesEvenes,460600.0
222,EvjeEvje og Hornnes,438900.0
223,FagerborgOslo,428500.0
224,Fagernes/KvitsandøyraNarvik,464000.0
225,FalkumSkien,392300.0
226,FanaBergen,666600.0
227,FarstadFræna,509900.0
228,FarsundFarsund,504800.0
229,Fastlandet nordTromsø,564800.0
230,FastlandetSande,455200.0
231,FastlandetVågsøy,524400.0
232,FastlandssidenKarmøy,577000.0
233,FauskeFauske,476800.0
234,FedjeFedje,519200.0
235,FeiringEidsvoll,528600.0
236,FenNome,500500.0
237,FenstadNes,582600.0
238,FerkingstadKarmøy,508300.0
239,FevangSandefjord,562100.0
240,Figgjo/BråsteinSandnes,590600.0
241,FilipstadOslo,604700.0
242,FinneidFauske,545400.0
243,FinnskogenÅsnes,391300.0
244,FinnsnesområdetLenvik,471200.0
245,FinnåsBømlo,596500.0
246,FinnøyFinnøy,542400.0
247,FinslandSongdalen,479300.0
248,Finstad-LosbyLørenskog,708300.0
249,FinstadSki,618400.0
250,FiskumØvre Eiker,575700.0
251,FitjarFitjar,580800.0
252,FjellheimDrammen,438100.0
253,FjellstrandNesodden,571700.0
254,FjerdingbyRælingen,517300.0
255,Fjære/HommedalGrimstad,545300.0
256,FjærlandSogndal,507000.0
257,Fjørtoft/HaramHaram,494400.0
258,FlakstadFlakstad,499400.0
259,FlatangerFlatanger,502500.0
260,FlatdalSeljord,447400.0
261,FlatebyEnebakk,593000.0
262,Flatåsen-SaupstadTrondheim,488600.0
263,FlekkerøyKristiansand,633400.0
264,FlesbergFlesberg,514900.0
265,FlisaÅsnes,421700.0
266,FloraFlora,534500.0
267,FlorvågAskøy,533600.0
268,FlostaArendal,538200.0
269,FlotmyrHaugesund,403100.0
270,FlubergSøndre Land,477300.0
271,FlåFlå,418100.0
272,FløgstadSauda,401100.0
273,Folkestad og BjørkedalVolda,512700.0
274,FolldalFolldal,437600.0
275,Follese/HetlevikAskøy,675000.0
276,Fon og VivestadRe,522900.0
277,ForsandForsand,569400.0
278,FosnesFosnes,468600.0
279,FossestuaNarvik,528900.0
280,FossumOslo,451900.0
281,FossumSkien,566200.0
282,FramnesNarvik,451400.0
283,FredheimGjøvik,566700.0
284,FreiKristiansund,598800.0
285,Fridalen-SlettebakkenBergen,393700.0
286,Frogn nordFrogn,593200.0
287,Frogn sydFrogn,586600.0
288,FrognerOslo,450400.0
289,FrognerSørum,625700.0
290,FrolLevanger,609900.0
291,FrolandFroland,519100.0
292,FromSandefjord,538600.0
293,FrostaFrosta,486400.0
294,FrydenlundNarvik,411000.0
295,FrøylandTime,613900.0
296,FuglenesHammerfest,563700.0
297,FuglenesdalenHammerfest,739200.0
298,FuglsetMolde,512700.0
299,Fusa nordFusa,594200.0
300,Fusa sørFusa,495900.0
301,FusdalAsker,628000.0
302,FyllingsdalenBergen,489500.0
303,FyresdalFyresdal,466400.0
304,FåbergLillehammer,518900.0
305,FåvangRingebu,457000.0
306,Førde austFørde,618600.0
307,Førde nordFørde,555800.0
308,Førde vestFørde,508300.0
309,FørdeSveio,565100.0
310,FørdesfjordenTysvær,597600.0
311,FørstadSandefjord,527200.0
312,FøynlandNøtterøy,597600.0
313,Gamle AkerOslo,391700.0
314,GamlebyenOslo,398400.0
315,GamvikGamvik,421600.0
316,GardHaugesund,586300.0
317,GardermoenUllensaker,309900.0
318,GaularGaular,554600.0
319,Gausvik og SørvikHarstad,499300.0
320,Geitastrand og Orkdal vestreOrkdal,581600.0
321,GeithusModum,468900.0
322,GibostadområdetLenvik,434800.0
323,GimsøySkien,398500.0
324,Gjedsjø/KråkstadSki,608700.0
325,GjelleråsenNittedal,596800.0
326,GjelleråsenSkedsmo,564600.0
327,Gjemmestad/HyenGloppen,540100.0
328,GjerdrumGjerdrum,621500.0
329,GjerlaugRingsaker,593100.0
330,GjerstadOsterøy,487200.0
331,Glemmen mellomFredrikstad,468700.0
332,Glemmen nord østFredrikstad,431500.0
333,Glemmen nordFredrikstad,519000.0
334,Glemmen vestFredrikstad,592300.0
335,Glemmen østFredrikstad,417900.0
336,GlomfjordMeløy,505600.0
337,GoaRandaberg,642700.0
338,Godøy/GiskeGiske,584900.0
339,Gol austGol,407500.0
340,Gol vestGol,480400.0
341,GomalandetKristiansund,419800.0
342,GranGran,467800.0
343,GraneGrane,469500.0
344,GranlyHorten,512900.0
345,GransheradNotodden,504100.0
346,GranvinGranvin,489600.0
347,GratangenGratangen,438500.0
348,GravBærum,695700.0
349,Gravvik/FoldereidNærøy,457700.0
350,GrefsenliaOslo,554200.0
351,GrefsenmarkaOslo,701100.0
352,Gressvik nordreFredrikstad,442200.0
353,Gressvik søndreFredrikstad,542100.0
354,GreverudOppegård,738100.0
355,GreåkerSarpsborg,471400.0
356,Grim-Møllevann-DalaneKristiansand,392000.0
357,GrimstadGrimstad,439500.0
358,Grinder/TjuraGrue,474100.0
359,GrongGrong,438900.0
360,GrorudOslo,419000.0
361,GruaLunner,508000.0
362,GrubenRana,501600.0
363,Grue FinnskogGrue,345000.0
364,GrytøyHarstad,481100.0
365,GrødemRandaberg,712700.0
366,GrønlandOslo,348800.0
367,GrønliPorsgrunn,449200.0
368,GrünerløkkaOslo,374800.0
369,GulenGulen,505100.0
370,GullaugLier,604200.0
371,Gullhaug og HillestadHolmestrand,546600.0
372,GulsetSkien,475200.0
373,Gulskogen-SundhaugenDrammen,455400.0
374,GurskøySande,511600.0
375,HafrsfjordStavanger,673800.0
376,HafsloLuster,535200.0
377,HafslundSarpsborg,459800.0
378,HafslundsøySarpsborg,500300.0
379,HagebyenHarstad,438500.0
380,Halden sydHalden,442700.0
381,Halden vestHalden,388800.0
382,Halden østHalden,474200.0
383,HallingstadLier,469000.0
384,HallsetTrondheim,433300.0
385,HalmstadRygge,452800.0
386,HalsaHalsa,478200.0
387,Halsnøy-Fjelbergøy-BorgundøyKvinnherad,537200.0
388,Halsøy-Åsbyen-MarkaVefsn,534900.0
389,HaltdalenHoltålen,478300.0
390,Hamar nordHamar,625000.0
391,Hamar vestHamar,425300.0
392,Hamar østHamar,406400.0
393,HamarøyHábmer - Hamarøy,429800.0
394,HamnsundHaram,607800.0
395,HamreOsterøy,562300.0
396,Hana/Vatne/GramstadSandnes,528300.0
397,HaneborgliaLørenskog,593400.0
398,HanstadElverum,591800.0
399,HaramHaram,481000.0
400,Harastad/RyggRandaberg,528100.0
401,HareidHareid,468000.0
402,HarestuaLunner,631400.0
403,HarkmarkMandal,581600.0
404,HarstadHarstad,421100.0
405,HasleOslo,489800.0
406,HaslumBærum,672500.0
407,Hasselvika/FevågRissa,482500.0
408,HasvikHasvik,405000.0
409,HattfjelldalHattfjelldal,439900.0
410,HaugGjøvik,510600.0
411,HaugRingerike,571700.0
412,HaugeFredrikstad,425600.0
413,HaugeHaugesund,419400.0
414,Haugland/Davanger/RamsøyAskøy,652800.0
415,HaukebøenMolde,499900.0
416,HaukerødSandefjord,499900.0
417,HaukåsFræna,485400.0
418,HebekkSki,582000.0
419,HedalenSør-Aurdal,399400.0
420,HeddalNotodden,517700.0
421,HedenstadKongsberg,564300.0
422,Hedrum østLarvik,553000.0
423,HeggLier,493900.0
424,HeggedalAsker,594800.0
425,HegglandsdalenOs,558200.0
426,HegraStjørdal,570900.0
427,HeidalSel,467900.0
428,HeimHemne,472800.0
429,HeimdalTrondheim,523600.0
430,HeistadPorsgrunn,559500.0
431,HelgerødSandefjord,632900.0
432,HelgheimJølster,499800.0
433,Helle/SkåtøyKragerø,496600.0
434,HellelandEigersund,553500.0
435,Hellemyr-FjellroKristiansand,590200.0
436,HellvikEigersund,593100.0
437,HemneHemne,501000.0
438,HemnesHemnes,453100.0
439,HemsedalHemsedal,441800.0
440,HennummarkaLier,704100.0
441,Herefoss/VegusdalBirkenes,475500.0
442,HernesElverum,546100.0
443,HerreBamble,485800.0
444,HerøyHerøy,471600.0
445,HerøyaPorsgrunn,457700.0
446,HessøyÅlesund,529300.0
447,HidraFlekkefjord,497800.0
448,HisøyArendal,586700.0
449,HjartdalHjartdal,490900.0
450,HjelmelandHjelmeland,565400.0
451,HjelmeØygarden,513900.0
452,HjelthjeltRingsaker,492800.0
453,HjørundfjordØrsta,487300.0
454,HjørungvågHareid,547700.0
455,HodnalandStord,600400.0
456,Hof/EidsfossHof,492500.0
457,Hognestad/VestlyTime,682200.0
458,Hokksund vestØvre Eiker,566400.0
459,Hokksund østØvre Eiker,476800.0
460,Hol vestreVestvågøy,470000.0
461,Hol østreVestvågøy,453300.0
462,HolmenOslo,580300.0
463,HolmenkollenOslo,685800.0
464,HolmestrandHolmestrand,366700.0
465,Holt vestTvedestrand,518400.0
466,Holt østTvedestrand,517000.0
467,HoltandalenHorten,504300.0
468,HolterNannestad,605200.0
469,HolterengenAskim,536200.0
470,HolumMandal,539100.0
471,HomansbyenOslo,376600.0
472,Hommelvik-MostadmarkMalvik,544900.0
473,HornindalHornindal,552400.0
474,HornnesEvje og Hornnes,514500.0
475,HosangerOsterøy,518300.0
476,Hosle nordBærum,601500.0
477,Hosle sørBærum,746000.0
478,Hov/FallSøndre Land,431700.0
479,Hovde-EngelandGjøvik,501200.0
480,HovdebygdaØrsta,534300.0
481,HovedbyenLarvik,336100.0
482,Hovelsrød/AspedammenHalden,572500.0
483,Hovin/Austbygde/TessungdalenTinn,488700.0
484,HovinMelhus,555400.0
485,HovinhøgdaFet,614000.0
486,HovsheradLund,520300.0
487,Hundhamaren-Saksvik bygdelagMalvik,604500.0
488,HundvågStavanger,609800.0
489,HunndalenGjøvik,464400.0
490,HunstadBodø,598000.0
491,HurdalHurdal,462700.0
492,HusebyOslo,567800.0
493,Husnes-Sunde-ValenKvinnherad,488900.0
494,HustadFræna,538600.0
495,HusvikTønsberg,641400.0
496,HusøyTønsberg,689400.0
497,HvalstadAsker,662900.0
498,HvamSkedsmo,533700.0
499,HvarnesLarvik,578000.0
500,HyllestadHyllestad,461800.0
501,HystadSandefjord,545600.0
502,HystadStord,579200.0
503,Håkvik/VidrekNarvik,662800.0
504,HålandSola,686700.0
505,Hånes-TimenesKristiansand,545600.0
506,HåvikKarmøy,531200.0
507,HåvåsenHaugesund,399100.0
508,HægebostadHægebostad,473700.0
509,HærlandEidsberg,536900.0
510,HøgåsNotodden,593300.0
511,HølondaMelhus,517600.0
512,HønefossRingerike,347900.0
513,HøvikBærum,578100.0
514,HøvikLier,586100.0
515,HøvågLillesand,615800.0
516,Høybuktmoen/BjørnevatnSør-Varanger,541700.0
517,Høyjord-Vestre AndebuAndebu,485400.0
518,HøylandHå,409100.0
519,HøylandetHøylandet,501900.0
520,IbestadIbestad,426500.0
521,Ila-TrollaTrondheim,440100.0
522,IlaOslo,411400.0
523,ImslandVindafjord,477600.0
524,Inderøy vestInderøy,554000.0
525,Indre ArnaBergen,541800.0
526,Indre AustevollAustevoll,657100.0
527,Indre AverøyAverøy,532100.0
528,Indre BremangerBremanger,493700.0
529,Indre DelGjesdal,634900.0
530,Indre FjellFjell,608900.0
531,Indre GjemnesGjemnes,525800.0
532,Indre HerøyHerøy,551000.0
533,Indre PorsangerPorsanger - Porsángu - Porsanki,503600.0
534,Indre SulaSula,603400.0
535,Indre SundSund,566100.0
536,Indre TastaStavanger,613000.0
537,Indre UlsteinUlstein,566700.0
538,Indre VadsøVadsø,590700.0
539,IngbergRingsaker,512500.0
540,InnbygdaTrysil,436400.0
541,InnlandetKristiansund,472600.0
542,Innvik/UtvikStryn,470000.0
543,IsfjordenRauma,533300.0
544,IvelandIveland,489000.0
545,JaerNesodden,527700.0
546,JarBærum,774900.0
547,JarenGran,538700.0
548,JemtlandRingsaker,454600.0
549,JessheimUllensaker,495000.0
550,JohannesStavanger,393200.0
551,JondalJondal,513100.0
552,JongBærum,485200.0
553,JonsvatnetTrondheim,679500.0
554,JordetTrysil,448200.0
555,JostedalenLuster,506000.0
556,JustvikKristiansand,609200.0
557,JåttenStavanger,636000.0
558,JørpelandStrand,530200.0
559,KalandBergen,572800.0
560,Kaldnes/TeiTønsberg,395000.0
561,KamboMoss,498800.0
562,KampenOslo,377300.0
563,KampenStavanger,484900.0
564,Kanebogen og SeljestadHarstad,521100.0
565,KappØstre Toten,528900.0
566,KarasjokKárá?johka - Karasjok,519100.0
567,KattfjordTromsø,518300.0
568,KaupangerSogndal,605600.0
569,KautokeinoGuovdageaidnu - Kautokeino,505800.0
570,KilaHarstad,628500.0
571,KilebygdaSkien,525700.0
572,KinnFlora,507700.0
573,KirkebyGjøvik,406100.0
574,KirkebygdaEnebakk,557600.0
575,Kirkelandet sentrumKristiansund,331000.0
576,KirkenesSør-Varanger,459500.0
577,KirkenærGrue,387200.0
578,Kirkerud-SollihøgdaBærum,616800.0
579,KjellerSkedsmo,559500.0
580,Kjenn-FjellhamarLørenskog,555300.0
581,KjørbekkSkien,460200.0
582,KleivaNarvik,555500.0
583,KleiveMolde,502500.0
584,KleppKlepp,504200.0
585,KleppestøAskøy,597800.0
586,KlokkeråsenTønsberg,546400.0
587,KlosterskogenSkien,495100.0
588,KlyveSkien,451100.0
589,KlæbuKlæbu,584100.0
590,KløftaUllensaker,549700.0
591,KnapstadHobøl,514700.0
592,KnarvikLindås,538600.0
593,KodalAndebu,567900.0
594,KolbotnOppegård,643900.0
595,KolbuØstre Toten,477200.0
596,KolsåsBærum,695900.0
597,KolvereidNærøy,442700.0
598,Kongsberg nord-vestreKongsberg,464400.0
599,Kongsberg nord-østreKongsberg,563200.0
600,Kongsberg syd-vestreKongsberg,449500.0
601,Kongsberg syd-østreKongsberg,617700.0
602,Kongsgård øvre-GimlekollenKristiansand,580200.0
603,Kongsvinger 1Kongsvinger,406600.0
604,Kongsvinger 2Kongsvinger,454700.0
605,KonnerudDrammen,663600.0
606,KopervikKarmøy,507700.0
607,KorgenHemnes,478400.0
608,KorsgårdenAskim,502100.0
609,Kragerø sentrumKragerø,366400.0
610,KringsjåKristiansund,447600.0
611,KroerÅs,581100.0
612,KrokenDrangedal,470900.0
613,KrokenTromsø,539200.0
614,KrokstadelvaNedre Eiker,543700.0
615,KurlandSarpsborg,452800.0
616,Kvadraturen-EgKristiansand,334900.0
617,KvalbergStavanger,454000.0
618,KvalsundKvalsund,459900.0
619,Kvaløya nordvestTromsø,525600.0
620,Kvaløya sørøstTromsø,557900.0
621,KvaløybyenTromsø,684300.0
622,KvamNord-Fron,448700.0
623,KvamSteinkjer,523500.0
624,KvarstadRingsaker,506800.0
625,KveldeLarvik,554400.0
626,KvernevikStavanger,571300.0
627,KvikneNord-Fron,488800.0
628,KvikneTynset,501400.0
629,Kvinesdal midtreKvinesdal,556000.0
630,Kvinesdal sentrumKvinesdal,433900.0
631,Kvinesdal ytreKvinesdal,541900.0
632,Kvinesdal øvreKvinesdal,531600.0
633,KviteseidKviteseid,476600.0
634,KvitliVoss,491300.0
635,KvitsøyKvitsøy,617700.0
636,KvålMelhus,572700.0
637,Kvæfjord vestreKvæfjord,431900.0
638,Kvæfjord østreKvæfjord,465900.0
639,Kvænangen-nordKvænangen,460200.0
640,Kvænangen-sørKvænangen,456100.0
641,KåfjorddalenGáivuotna - Kåfjord,551000.0
642,Kårby/VassåsHof,545200.0
643,LadeTrondheim,457900.0
644,LademoenTrondheim,363600.0
645,LaksevågBergen,412000.0
646,Lalm og omegnVågå,465300.0
647,LandeSarpsborg,455000.0
648,LandvikGrimstad,589900.0
649,Landås-SædalenBergen,481100.0
650,LangenesØksnes,487900.0
651,LangerudOslo,443200.0
652,LangestrandLarvik,456600.0
653,LangesundBamble,519500.0
654,LangevågSula,525300.0
655,LanghusSki,612800.0
656,LangøyaHadsel,520400.0
657,LardalLardal,488900.0
658,LavangenLoabák - Lavangen,489100.0
659,LavikHøyanger,489300.0
660,LebesbyLebesby,423900.0
661,Leikanger nordLeikanger,584900.0
662,Leiret nord/SøbakkenElverum,473100.0
663,Leiret sydElverum,418000.0
664,LeirfjordLeirfjord,480400.0
665,LeirsundSkedsmo,645000.0
666,LeirvikStord,456000.0
667,LekaLeka,464900.0
668,LeksvikLeksvik,469000.0
669,LenangenLyngen,478000.0
670,LenaØstre Toten,419800.0
671,LensbygdaØstre Toten,502800.0
672,LerMelhus,567400.0
673,LesjaLesja,456400.0
674,LesjaskogLesja,490600.0
675,LevangerLevanger,370100.0
676,LierneLierne,495200.0
677,LierskogenLier,690700.0
678,LilleakerOslo,597700.0
679,LindernOslo,363400.0
680,LindesnesLindesnes,481300.0
681,LindåsLindås,577300.0
682,Linnerud-BreiskallenGjøvik,485400.0
683,ListaFarsund,513800.0
684,Litlesotra og BjørøyFjell,631100.0
685,LjansbyenOslo,492000.0
686,LjørdalenTrysil,411000.0
687,LoddefjordBergen,528600.0
688,Loen/OldenStryn,454300.0
689,LoengaOslo,595000.0
690,Lom austLom,525800.0
691,Lom vestLom,477600.0
692,LomenVestre Slidre,430600.0
693,LommedalenBærum,773000.0
694,LoneBergen,541300.0
695,LoppaLoppa,409900.0
696,LuksefjellSkien,512200.0
697,Lund-SødalKristiansand,452800.0
698,LundamoMelhus,517600.0
699,Lunde/SkjævelandSandnes,606000.0
700,LundeNome,463400.0
701,LunderRingerike,490400.0
702,LunnerLunner,519900.0
703,LurøyLurøy,476100.0
704,LustrafjordenLuster,483500.0
705,Lyngdal søndreLyngdal,496400.0
706,Lyngdal vestreLyngdal,552700.0
707,Lyngdal østreLyngdal,503700.0
708,LyngseidetLyngen,459000.0
709,Lyngstrand-Rosendal-OmvikdalenKvinnherad,549500.0
710,LysakerBærum,521400.0
711,Lysekloster/SøftelandOs,604200.0
712,Lysås-LøkenLørenskog,586300.0
713,LånkeStjørdal,592900.0
714,LærdalLærdal,521000.0
715,LødingBodø,641700.0
716,LødingenLødingen,450500.0
717,Løkeberg-BlommenholmBærum,651900.0
718,LøkenAurskog-Høland,478200.0
719,LøkkenMeldal,441400.0
720,LøvenstadRælingen,485700.0
721,MadlamarkStavanger,659500.0
722,MagnorEidskog,410300.0
723,MajorstuenOslo,412800.0
724,MalangenBalsfjord,427000.0
725,MalangshalvøyaTromsø,552500.0
726,MalangskjeftenTromsø,487000.0
727,MalmVerran,427900.0
728,Malmheim/ÅseSandnes,628200.0
729,MalnesBø,393000.0
730,Malvik utmarksområderMalvik,545500.0
731,ManglerudOslo,495500.0
732,ManndalenGáivuotna - Kåfjord,416500.0
733,MarienlystOslo,417400.0
734,MarnardalMarnardal,503200.0
735,MasfjordenMasfjorden,556000.0
736,MatrandEidskog,475300.0
737,Matre-Baugstranda-ÅkraKvinnherad,500800.0
738,Meland nordMeland,638300.0
739,Meland sørMeland,575400.0
740,MelbuHadsel,466500.0
741,Melhus vestMelhus,586200.0
742,Melhus østMelhus,523100.0
743,Melløs/ØreMoss,458400.0
744,MelsomStokke,578900.0
745,MenSkien,506900.0
746,MeråkerMeråker,439200.0
747,MidsundMidsund,505800.0
748,Midt-BambleBamble,581900.0
749,Midt-SkognLevanger,579600.0
750,MidtbyenHamar,374100.0
751,MidtbyenTrondheim,331800.0
752,MidtbygdaFredrikstad,540800.0
753,MidtbygdaRøyken,633500.0
754,Midtre AverøyAverøy,510800.0
755,Midtre RådeRåde,457100.0
756,Midtre VågsbygdKristiansand,492300.0
757,Midtre bygdelagLøten,488400.0
758,MidtreStor-Elvdal,426900.0
759,MjømnaGulen,529900.0
760,MjøndalenNedre Eiker,512300.0
761,MoNord-Odal,451600.0
762,MoRana,401300.0
763,MoSurnadal,512700.0
764,ModalenModalen,544700.0
765,MoenAskim,489500.0
766,MogreinaUllensaker,517700.0
767,MoiLund,498500.0
768,MoldegårdMolde,458100.0
769,MongEigersund,624900.0
770,Mork og BerknesVolda,579800.0
771,MortensnesTromsø,569700.0
772,MosbyKristiansand,508900.0
773,MosjøenVefsn,351600.0
774,MoskenesMoskenes,414300.0
775,Mosseelva/DillingøyaMoss,445800.0
776,Mosseskogen vestMoss,499800.0
777,Mosseskogen østMoss,477000.0
778,MosterBømlo,559900.0
779,MosvikInderøy,483000.0
780,MyklerudNesodden,571300.0
781,Mysen vestEidsberg,413100.0
782,Mysen østEidsberg,422800.0
783,MårenHøyanger,476600.0
784,MåsøyMåsøy,407400.0
785,MælumSkien,558300.0
786,MørkvedRingsaker,443000.0
787,NamdalseidNamdalseid,484100.0
788,NamnåGrue,432900.0
789,NamsosNamsos,476100.0
790,NamsskoganNamsskogan,442100.0
791,NannestadNannestad,499400.0
792,Nanset vestLarvik,496400.0
793,Nanset østLarvik,475200.0
794,NardoTrondheim,438600.0
795,NaustdalNaustdal,553500.0
796,Nedre MålselvMålselv,496000.0
797,Nedre RennebuRennebu,472700.0
798,Nedre SaltdalSaltdal,493800.0
799,NedstrandTysvær,559100.0
800,NensetSkien,493500.0
801,NerstadSigdal,498500.0
802,Nes/JøssundBjugn,469200.0
803,NesNes,462300.0
804,NesSauherad,456300.0
805,Nesbakken GlassverketJevnaker,429100.0
806,NesbruAsker,720000.0
807,NesbygdaSvelvik,578500.0
808,Neset/ØyaneOs,618800.0
809,NesnaNesna,425600.0
810,NessebyUnjárga - Nesseby,427000.0
811,NessetLevanger,533100.0
812,NessetNesset,508800.0
813,NesttunBergen,604300.0
814,NesøyaAsker,790000.0
815,Nidarvoll-LeiraTrondheim,540600.0
816,NissedalNissedal,480500.0
817,NodelandSongdalen,493200.0
818,Nord-FrøyaFrøya,475300.0
819,Nord-VågsøyVågsøy,581200.0
820,Nord/østSortland,543800.0
821,NordalLier,605300.0
822,NordbergSkjåk,470800.0
823,NordbyRælingen,725600.0
824,NordbyenHorten,612400.0
825,NordbygdaEidsvoll,517300.0
826,NordbyÅs,621400.0
827,NorddalNorddal,498700.0
828,NorderhovRingerike,468100.0
829,NordfjordeidEid,484800.0
830,Nordfold/LeirangerSteigen,449600.0
831,NordkappNordkapp,449900.0
832,NordkisaUllensaker,575700.0
833,NordlandetKristiansund,437100.0
834,NordmarkaOslo,543500.0
835,Nordre AskøyAskøy,562800.0
836,Nordre AverøyAverøy,562000.0
837,Nordre BrandbuGran,507800.0
838,Nordre FjellFjell,583800.0
839,Nordre GildeskålGildeskål,438500.0
840,Nordre HakadalNittedal,665400.0
841,Nordre JeløyMoss,488100.0
842,Nordre KråkerøyFredrikstad,531300.0
843,Nordre MeløyMeløy,511500.0
844,Nordre OsenÅmot,403300.0
845,Nordre RakkestadRakkestad,472700.0
846,Nordre SandeSande,581700.0
847,Nordre TromsøyaTromsø,445400.0
848,Nordre bydelKristiansund,475800.0
849,Nordre bygdelagLøten,480300.0
850,Nordre ÅlLillehammer,475100.0
851,NordreStor-Elvdal,362600.0
852,Nordsida/RandabygdStryn,568300.0
853,NordsidaAskvoll,510000.0
854,NordsidaRauma,507100.0
855,NordsinniNordre Land,446100.0
856,NordstrandOslo,654600.0
857,NordstrandaBodø,519200.0
858,Nordøstre HurumHurum,590500.0
859,NoreNore og Uvdal,456600.0
860,NorumSogndal,551700.0
861,Notodden nordøstNotodden,439800.0
862,Notodden sørNotodden,384700.0
863,Notodden vestNotodden,390000.0
864,NybergsundTrysil,408900.0
865,NykirkeHorten,560600.0
866,NylendeFredrikstad,588800.0
867,NylundStavanger,497600.0
868,NærbøHå,561400.0
869,NærøyNærøy,534400.0
870,NørvasundÅlesund,608900.0
871,Nørvøy indreÅlesund,487900.0
872,Nørvøy ytreÅlesund,371200.0
873,OddaOdda,429900.0
874,OddadalenOdda,661100.0
875,OgnaHå,564200.0
876,OgndalSteinkjer,575400.0
877,OksfjordNordreisa,473300.0
878,Olbu/VognillOppdal,544000.0
879,OlderdalenGáivuotna - Kåfjord,416800.0
880,Olderskogen-Remma-BjørnådalenVefsn,499000.0
881,OltedalGjesdal,642600.0
882,Oppdal nord/FagerhaugOppdal,432100.0
883,Oppdal syd/DrivdalenOppdal,488500.0
884,OpphaugenSkien,543700.0
885,OppstadSør-Odal,504000.0
886,OrkangerOrkdal,476500.0
887,Orkdal østreOrkdal,515800.0
888,OrklandOrkdal,536500.0
889,OrreKlepp,565500.0
890,OsOs,467000.0
891,Osebakken-HovengaPorsgrunn,443600.0
892,OsenOsen,465300.0
893,OskarsborgNarvik,367700.0
894,OstereidetLindås,581400.0
895,OsøyroOs,519200.0
896,OttaSel,425300.0
897,OttersrudRingsaker,507600.0
898,Otterøy/VemundvikNamsos,566300.0
899,OttestadStange,511000.0
900,OverhallaOverhalla,570200.0
901,PasvikSør-Varanger,541400.0
902,PlassenAlvdal,533700.0
903,PolleidetLyngen,501000.0
904,PolmakDeatnu - Tana,459700.0
905,Porsanger østsidePorsanger - Porsángu - Porsanki,505400.0
906,Porsgrunn vestPorsgrunn,447800.0
907,Porsgrunn østPorsgrunn,437600.0
908,Prestebakke/Kornsjø/HoltetHalden,447200.0
909,PresterødTønsberg,499500.0
910,PrestfossSigdal,471600.0
911,Prestmoen OlimbJevnaker,545600.0
912,Radøy nordRadøy,529800.0
913,Radøy sørRadøy,514300.0
914,RaftsundetHadsel,407800.0
915,RamfjordområdetTromsø,570100.0
916,RamnesRe,530500.0
917,RanesSurnadal,486300.0
918,RanheimTrondheim,641200.0
919,Raufoss vestVestre Toten,462000.0
920,Raufoss østVestre Toten,476400.0
921,RaulandVinje,521700.0
922,RaundalenVoss,614300.0
923,Redalen-LundsteinGjøvik,494500.0
924,Reinelva/HundberganTromsø,567700.0
925,ReinsvollVestre Toten,492100.0
926,ReknesMolde,453300.0
927,RekustadFredrikstad,507400.0
928,RenaÅmot,433700.0
929,RennesøyRennesøy,602000.0
930,RensvikKristiansund,636500.0
931,RettenSkedsmo,510500.0
932,RiddersandFet,610600.0
933,RindalRindal,497300.0
934,RingebuRingebu,441600.0
935,RingshaugTønsberg,598100.0
936,Ringvassøy/ReinøyKarlsøy,472500.0
937,RingvollHobøl,520200.0
938,RisOslo,515300.0
939,RisbergetVåler,456800.0
940,RiskaSandnes,643000.0
941,RissaRissa,476200.0
942,Risvollan-OthilienborgTrondheim,446200.0
943,RisørRisør,450300.0
944,RjukanTinn,421000.0
945,RoanRoan,468800.0
946,RodeløkkaOslo,396100.0
947,Rokke/AsakHalden,608700.0
948,RollagRollag,508000.0
949,RomAskim,495600.0
950,RombakenNarvik,534600.0
951,RomedalStange,490000.0
952,RommetveitStord,626200.0
953,RomsdalenRauma,441600.0
954,RosanesNøtterøy,529600.0
955,Rosenborg-MøllenbergTrondheim,430400.0
956,RossabøHaugesund,560800.0
957,RosselandTime,586400.0
958,RossfjordområdetLenvik,497300.0
959,RotnesNittedal,652700.0
960,RotsundNordreisa,453000.0
961,RubbestadnesetBømlo,559600.0
962,RudRælingen,585000.0
963,RudeneOslo,527800.0
964,RusteNord-Fron,443800.0
965,RykkinnBærum,520800.0
966,RåholtEidsvoll,523200.0
967,RøabyenOslo,628700.0
968,RøbekkMolde,568300.0
969,RødenesMarker,505200.0
970,RødøyRødøy,463300.0
971,RøldalOdda,521400.0
972,RømskogRømskog,475000.0
973,RønVestre Slidre,449600.0
974,RønvikBodø,507800.0
975,RøraInderøy,552900.0
976,RørosRøros,463100.0
977,Rørvik/BergKragerø,460000.0
978,RøssvollRana,575900.0
979,RøstRøst,460800.0
980,RøsvikSørfold,518200.0
981,Røyneberg/GrannesSola,633700.0
982,RøyrvikRaarvihke - Røyrvik,496100.0
983,RøyseHole,535600.0
984,SageneOslo,434000.0
985,SagvågStord,557000.0
986,SakkestadHaugesund,482000.0
987,SalangenSalangen,442600.0
988,SaltstraumenBodø,559300.0
989,SaltvernBodø,542100.0
990,SamnangerSamnanger,534100.0
991,Samsmoen NordbyJevnaker,537500.0
992,SandNord-Odal,456100.0
993,SandSuldal,478400.0
994,SandUllensaker,506200.0
995,SandakerOslo,476700.0
996,SandeSande,497300.0
997,SandeidVindafjord,504100.0
998,SanderSør-Odal,516500.0
999,SandnessjøenAlstahaug,491800.0
1000,Sandvika-VallerBærum,482000.0
1001,SandvikenBergen,410600.0
1002,Sandvoll-HolmedalKvinnherad,585200.0
1003,SandvollanInderøy,566600.0
1004,SandøySandøy,543900.0
1005,Sannidal/LevangKragerø,463100.0
1006,Sarpsborg vestSarpsborg,386000.0
1007,Sarpsborg østSarpsborg,349600.0
1008,SaudasjøenSauda,570700.0
1009,SauheradSauherad,533500.0
1010,SelSel,474100.0
1011,SelbuSelbu,499500.0
1012,SelforsRana,463500.0
1013,SeljeSelje,523200.0
1014,SeljordSeljord,470000.0
1015,SellebakkFredrikstad,386300.0
1016,SemAsker,574900.0
1017,SemTønsberg,474300.0
1018,Sentrum 1Oslo,310200.0
1019,Sentrum 2Oslo,347000.0
1020,Sentrum 3Oslo,374800.0
1021,Sentrum nordFredrikstad,422800.0
1022,Sentrum sydFredrikstad,358200.0
1023,Sentrum vestFlekkefjord,434700.0
1024,Sentrum vestFredrikstad,323200.0
1025,Sentrum vestLillehammer,340000.0
1026,Sentrum østFlekkefjord,533700.0
1027,Sentrum østLillehammer,431300.0
1028,Sentrum/SlottsfjelletTønsberg,332900.0
1029,SentrumAsker,494700.0
1030,SentrumBodø,394000.0
1031,SentrumGjøvik,292000.0
1032,SentrumHammerfest,437000.0
1033,SentrumHaugesund,301700.0
1034,SentrumHorten,381900.0
1035,SentrumMoss,368300.0
1036,SentrumSandefjord,325000.0
1037,SentrumSandnes,382400.0
1038,SentrumSkien,310700.0
1039,SetskogAurskog-Høland,481400.0
1040,SevlandKarmøy,559200.0
1041,SiggerudSki,596000.0
1042,SiljanSiljan,567200.0
1043,SilsandområdetLenvik,584000.0
1044,SingsåsMidtre Gauldal,488600.0
1045,SinsenOslo,383200.0
1046,SirdalSirdal,559500.0
1047,Sjetne-OkstadTrondheim,645500.0
1048,SjåstadLier,554300.0
1049,SjøbygdaVerdal,598300.0
1050,SkarnesSør-Odal,469800.0
1051,SkatvalStjørdal,606800.0
1052,SkaugumAsker,731800.0
1053,SkaunSkaun,610200.0
1054,SkedsmokorsetSkedsmo,630700.0
1055,Ski østSki,501400.0
1056,SkillebekkOslo,433000.0
1057,Skinsnes-ImeMandal,459200.0
1058,SkiptvetSkiptvet,518400.0
1059,SkistuaNarvik,483900.0
1060,SkjebstadMandal,488400.0
1061,SkjeeStokke,495800.0
1062,SkjerstadBodø,462800.0
1063,SkjervøySkjervøy,508100.0
1064,SkjettenSkedsmo,608100.0
1065,SkjoldVindafjord,558200.0
1066,SkjomenNarvik,541400.0
1067,SkjåkSkjåk,436600.0
1068,SkodjeSkodje,584300.0
1069,SkogbygdaNes,552600.0
1070,SkogerDrammen,651800.0
1071,SkognLevanger,513800.0
1072,Skogsfjord-HeslandMandal,487600.0
1073,SkotfossSkien,446500.0
1074,SkotselvØvre Eiker,506500.0
1075,SkotterudEidskog,397800.0
1076,SkrautvålNord-Aurdal,420700.0
1077,SkreiaØstre Toten,478300.0
1078,SkudenesKarmøy,522000.0
1079,SkålaMolde,579900.0
1080,SkånevikEtne,501500.0
1081,SkånlandSkånland,530000.0
1082,SkårerLørenskog,451300.0
1083,SkøyenOslo,590400.0
1084,SlattumNittedal,619600.0
1085,Slependen-TanumBærum,600800.0
1086,SlettheiaKristiansand,426500.0
1087,SlidreVestre Slidre,441500.0
1088,SmølaSmøla,457600.0
1089,SnarøyaBærum,714600.0
1090,SnertingdalGjøvik,474500.0
1091,SnillfjordSnillfjord,490400.0
1092,SnåsaSnåase - Snåsa,467600.0
1093,SofiemyrOppegård,610300.0
1094,SokndalSokndal,510700.0
1095,SoknedalMidtre Gauldal,514500.0
1096,SolaSola,577400.0
1097,SolbergAsker,576000.0
1098,SolbergelvaNedre Eiker,526500.0
1099,SolheimBergen,367200.0
1100,SolsidaSør-Fron,458700.0
1101,SolundSolund,519800.0
1102,Solvang/Kilen/ByskogenTønsberg,397100.0
1103,SolvangHaugesund,516500.0
1104,Soma/StangelandSandnes,621300.0
1105,SommerlystTromsø,523300.0
1106,SortungstadRingsaker,440500.0
1107,Sparbu/HenningSteinkjer,543100.0
1108,SpillumNamsos,554800.0
1109,SpjelkavikÅlesund,504700.0
1110,SpydebergSpydeberg,519400.0
1111,St.HanshaugenOslo,406800.0
1112,StabekkBærum,586500.0
1113,StadlandetSelje,514700.0
1114,StadsbygdRissa,567700.0
1115,StalsbergSkedsmo,440200.0
1116,StamnesVaksdal,508300.0
1117,StangeStange,452600.0
1118,StangelandSola,604300.0
1119,StangvikSurnadal,607000.0
1120,StathelleBamble,563400.0
1121,StavernLarvik,447300.0
1122,Stavik-LøsetFræna,560900.0
1123,StedjeSogndal,497700.0
1124,SteigenAlvdal,439400.0
1125,SteigenSteigen,452200.0
1126,SteinHole,574500.0
1127,SteinbergNedre Eiker,541100.0
1128,Steinkjer sentrumSteinkjer,380600.0
1129,Stensarmen/TræleborgTønsberg,375900.0
1130,StiklestadVerdal,626600.0
1131,StjørdalStjørdal,572300.0
1132,StjørdalshalsenStjørdal,406100.0
1133,StjørnaRissa,462400.0
1134,StodSteinkjer,514500.0
1135,StokkaStavanger,675600.0
1136,Stokke/Lura/TronesSandnes,533900.0
1137,StokkeStokke,482300.0
1138,StokkelandSongdalen,565800.0
1139,StokkenArendal,462000.0
1140,StokmarknesHadsel,490400.0
1141,StoksundÅfjord,447300.0
1142,StonglandetTranøy,445800.0
1143,StordalStordal,488400.0
1144,StorfjordStorfjord - Omasvuotna - Omasvuono,471400.0
1145,StorhamarHamar,559900.0
1146,StorslettNordreisa,488100.0
1147,StortorgetSkedsmo,414500.0
1148,Stranda/LiabygdaStranda,514700.0
1149,StrandaLeksvik,533900.0
1150,StrandbygdaElverum,511600.0
1151,StrandebarmKvam,515600.0
1152,StrandsåsenEidsvoll,518300.0
1153,StraumenInderøy,499900.0
1154,StraumenSørfold,347300.0
1155,StraumsnesTingvoll,513000.0
1156,StrayKristiansand,560200.0
1157,Stridsklev-HovetPorsgrunn,515800.0
1158,StrindheimTrondheim,497400.0
1159,StrusshamnAskøy,642900.0
1160,StrynStryn,513700.0
1161,StrømSør-Odal,507500.0
1162,StrømsøDrammen,383000.0
1163,Stønnesbotn/ØyfjordområdetLenvik,476700.0
1164,StørenMidtre Gauldal,462900.0
1165,StøverBodø,539600.0
1166,SuldalSuldal,586200.0
1167,SulitjelmaFauske,394800.0
1168,SundRingsaker,497200.0
1169,SundeStavanger,660800.0
1170,SundreÅl,449700.0
1171,SundvollenHole,598900.0
1172,SunndalSunndal,601400.0
1173,SunndalsøraSunndal,428500.0
1174,SvartskogOppegård,653900.0
1175,SvebergMalvik,787000.0
1176,SveioSveio,567400.0
1177,SvelvikSvelvik,491400.0
1178,SvennesNord-Aurdal,462500.0
1179,SverresborgTrondheim,511700.0
1180,SvolværVågan,460800.0
1181,Syd og sentrumSortland,468500.0
1182,SydbyenHorten,439700.0
1183,SydbygdaFredrikstad,592400.0
1184,Sydvestre JeløyMoss,490600.0
1185,Sydøstre HurumHurum,484400.0
1186,Sydøstre JeløyMoss,494000.0
1187,SykkylvenSykkylven,513200.0
1188,SyllingLier,575800.0
1189,Sylte-MalmeFræna,528900.0
1190,Synnylven/GeirangerStranda,501100.0
1191,SyvdeVanylven,489500.0
1192,SyverstadAsker,653800.0
1193,SånerVestby,617700.0
1194,Sånum-LundevikMandal,663900.0
1195,SødorpNord-Fron,457600.0
1196,Søgne vestreSøgne,555900.0
1197,Søgne østreSøgne,528400.0
1198,Søm-TorsvikheiaKristiansand,626200.0
1199,SømnaSømna,460300.0
1200,Søndeled indreRisør,492400.0
1201,Søndeled ytreRisør,443300.0
1202,Søndre ElverumElverum,493100.0
1203,Søndre GildeskålGildeskål,448300.0
1204,Søndre HakadalNittedal,558900.0
1205,Søndre HølandAurskog-Høland,478200.0
1206,Søndre KråkerøyFredrikstad,632400.0
1207,Søndre MeløyMeløy,489900.0
1208,Søndre RakkestadRakkestad,533100.0
1209,Søndre TromsøyaTromsø,518400.0
1210,Søndre bygdelagLøten,501300.0
1211,Søndre og østre SkjebergSarpsborg,555200.0
1212,SøndreStor-Elvdal,370200.0
1213,SønsterudÅsnes,460600.0
1214,Sør og Ytre FjellFjell,591100.0
1215,Sør-FrøyaFrøya,479000.0
1216,Sør-VågsøyVågsøy,495400.0
1217,Søre BømloBømlo,579700.0
1218,Søre FrænaFræna,622000.0
1219,Søre ÅlLillehammer,606200.0
1220,SøreideHøyanger,437800.0
1221,Sørestranda/VelledalenSykkylven,560600.0
1222,SørkedalenOslo,481900.0
1223,Sørreisa-nordSørreisa,520800.0
1224,Sørreisa-sørSørreisa,496700.0
1225,SørsidaRauma,525500.0
1226,SørskogbygdaElverum,485600.0
1227,SørumSørum,645500.0
1228,SørumsandSørum,567600.0
1229,SørøysundHammerfest,550400.0
1230,TagtvedtLarvik,355100.0
1231,TanaDeatnu - Tana,498900.0
1232,TanangerSola,655700.0
1233,TandeRingsaker,520300.0
1234,Tangen-ÅskollenDrammen,445400.0
1235,TangenNesodden,583500.0
1236,TangenStange,500700.0
1237,TauStrand,570400.0
1238,TeieNøtterøy,548500.0
1239,TeistholmenKristiansund,430300.0
1240,Tenor/KirkefjerdingenEidsberg,516100.0
1241,Tertnes-SalhusBergen,550600.0
1242,Tidligere Alta kommune vestAlta,601200.0
1243,Tidligere Alta kommune østAlta,665500.0
1244,Tidligere Talvik kommune vestAlta,525000.0
1245,Tidligere Talvik kommune østAlta,437600.0
1246,Tiller-HårstadTrondheim,623700.0
1247,TingvollTingvoll,472600.0
1248,TinnheiaKristiansand,438100.0
1249,TistedalsområdetHalden,461300.0
1250,TjeldsundTjeldsund,485400.0
1251,TjensvollStavanger,439600.0
1252,TjodalyngLarvik,543000.0
1253,TjukkebygdiVoss,575300.0
1254,TjømeTjøme,494100.0
1255,TodalenSurnadal,495000.0
1256,TokkeTokke,481500.0
1257,TolgaTolga,465800.0
1258,TollefsbølEidskog,488600.0
1259,TomasjordTromsø,487100.0
1260,TomrefjordVestnes,486300.0
1261,TomterHobøl,543200.0
1262,TordalDrangedal,484400.0
1263,TorpFredrikstad,500900.0
1264,TorpaNordre Land,459100.0
1265,Torpo/NordbygdenÅl,516600.0
1266,TorshovOslo,402600.0
1267,TorskenTorsken,404400.0
1268,TorsnesFredrikstad,585600.0
1269,TorstrandLarvik,325900.0
1270,TorvastadKarmøy,522100.0
1271,TorødNøtterøy,581500.0
1272,TranøyTranøy,457400.0
1273,Tregde-SkjernøyMandal,697900.0
1274,TresfjordVestnes,476800.0
1275,Tretten SoknØyer,451900.0
1276,TrevatnSøndre Land,498500.0
1277,TromsdalenTromsø,541900.0
1278,TromsøTromsø,389500.0
1279,Tromøy vestArendal,581700.0
1280,Tromøy østArendal,570000.0
1281,TrænaTræna,450300.0
1282,TrømborgEidsberg,524900.0
1283,TuKlepp,612000.0
1284,Tuft-Komnes-EfteløtKongsberg,492100.0
1285,TustnaAure,441200.0
1286,TvedestrandTvedestrand,428300.0
1287,TveitKristiansand,573500.0
1288,TydalTydal,480100.0
1289,Tylldalen/BrydalenTynset,492000.0
1290,Tynset nordTynset,514900.0
1291,Tynset sørTynset,459300.0
1292,TyristrandRingerike,518800.0
1293,TysfjordTysfjord - Divtasvuodna,454700.0
1294,TysnesTysnes,497400.0
1295,TysværTysvær,618700.0
1296,TårnåsenOppegård,542000.0
1297,TåsenOslo,570300.0
1298,TøyenOslo,387500.0
1299,UalandLund,565200.0
1300,UdnesNes,602700.0
1301,UlefossNome,437200.0
1302,UllandhaugStavanger,515600.0
1303,UllernOslo,604100.0
1304,UllerålRingerike,412600.0
1305,UllerøySarpsborg,562100.0
1306,UllsfjordTromsø,431200.0
1307,UlsholtOslo,453000.0
1308,UlvenOslo,440100.0
1309,UlvikUlvik,480800.0
1310,Undheim/EikelandTime,617600.0
1311,UndrumsdalRe,492000.0
1312,UranienborgOslo,436700.0
1313,Uskedalen-HerøysundKvinnherad,496400.0
1314,UthaugenSkien,577000.0
1315,UtsiraUtsira,553200.0
1316,UtskarpenRana,519600.0
1317,UvdalNore og Uvdal,463900.0
1318,VadfossKragerø,486700.0
1319,Vadsø sentrumVadsø,404900.0
1320,VaksdalVaksdal,508300.0
1321,ValderøyGiske,618800.0
1322,ValleValle,489500.0
1323,Vallset/ÅsbygdaStange,481900.0
1324,ValnesfjordFauske,554400.0
1325,ValsøyfjordHalsa,451400.0
1326,Vang midtreHamar,489900.0
1327,Vang nordHamar,559700.0
1328,Vang vestHamar,528300.0
1329,Vang østHamar,519400.0
1330,VangRygge,644800.0
1331,VangVang,453100.0
1332,VannaKarlsøy,443300.0
1333,Vanse/ÅptaFarsund,493700.0
1334,VanylvenVanylven,510800.0
1335,VaraldsøyKvinnherad,458800.0
1336,VardenStavanger,475000.0
1337,VardøVardø,402000.0
1338,VarhaugHå,569200.0
1339,VartdalØrsta,551900.0
1340,VarteigSarpsborg,556500.0
1341,Vassvik/TaraldsvikNarvik,531300.0
1342,VatneHaram,553700.0
1343,VatsVindafjord,569000.0
1344,VaulenStavanger,634100.0
1345,VedavågenKarmøy,583100.0
1346,VegaVega,451900.0
1347,VegårsheiVegårshei,467000.0
1348,VelfjordBrønnøy,440400.0
1349,Vennesla midtreVennesla,512900.0
1350,Vennesla nordVennesla,452200.0
1351,Vennesla sørVennesla,499500.0
1352,VerdalsøraVerdal,404600.0
1353,VereideGloppen,509600.0
1354,VerranVerran,443600.0
1355,Vest-BambleBamble,489600.0
1356,Vest-TuneSarpsborg,577700.0
1357,Vest/nordSortland,507700.0
1358,VestadElverum,478700.0
1359,VestbyVestby,563200.0
1360,VestbyenBodø,550600.0
1361,VestbygdaFredrikstad,626700.0
1362,VestbygdaRøyken,576700.0
1363,VesterøySandefjord,488800.0
1364,VestfossenØvre Eiker,490800.0
1365,VestmarkaEidskog,419600.0
1366,VestnesVestnes,479900.0
1367,Vestre AverøyAverøy,487800.0
1368,Vestre BalsfjordBalsfjord,481000.0
1369,Vestre EidEid,573800.0
1370,Vestre Gausdal nordGausdal,426600.0
1371,Vestre Gausdal sørGausdal,442400.0
1372,Vestre GranGran,522400.0
1373,Vestre GulsetSkien,705200.0
1374,Vestre HitraHitra,437400.0
1375,Vestre HolHol,452500.0
1376,Vestre HurumHurum,520000.0
1377,Vestre HvalerHvaler,576300.0
1378,Vestre KråkerøyFredrikstad,494500.0
1379,Vestre Moland-LillesandLillesand,532200.0
1380,Vestre PorsangerPorsanger - Porsángu - Porsanki,421600.0
1381,Vestre RådeRåde,599300.0
1382,Vestre Sør-VarangerSør-Varanger,395900.0
1383,Vestre TrysilTrysil,405400.0
1384,Vestre TrøgstadTrøgstad,449600.0
1385,Vestre bydelKristiansund,328500.0
1386,VestsidaGran,416300.0
1387,VestsidaGrue,430900.0
1388,VestsidaOdda,548900.0
1389,VestsidaUllensvang,529700.0
1390,VestsidenSøndre Land,410100.0
1391,VettreAsker,698300.0
1392,VevelstadVevelstad,449500.0
1393,VigernesSkedsmo,531500.0
1394,VigraGiske,536100.0
1395,VigrestadHå,575100.0
1396,Vik/FevikGrimstad,544900.0
1397,VikVik,500800.0
1398,VikedalVindafjord,523600.0
1399,Viken-GjøvikjordetGjøvik,400900.0
1400,Viker/NesRingerike,427100.0
1401,VikersundModum,446700.0
1402,Vikhamar Malvik-Torp MidtsandanMalvik,627500.0
1403,Vikna indreVikna,505200.0
1404,Vikna ytreVikna,534500.0
1405,VikøyKvam,538700.0
1406,VindingstadGjøvik,520200.0
1407,VingarLillehammer,515900.0
1408,VingerKongsvinger,513000.0
1409,VingromLillehammer,569300.0
1410,VinjeHemne,526200.0
1411,VinjeVinje,463600.0
1412,Vinne og NessVerdal,524600.0
1413,Viste/Bø/TungeRandaberg,576500.0
1414,Voie-MøvigKristiansand,524500.0
1415,VoldaVolda,498100.0
1416,VollBærum,861900.0
1417,VollaSkedsmo,582400.0
1418,VollenAsker,713800.0
1419,VormnesNes,570100.0
1420,VossestrandVoss,560700.0
1421,VossevangenVoss,437200.0
1422,Vågan nordreVågan,465100.0
1423,Vågan vestreVågan,484000.0
1424,Vågan østreVågan,454200.0
1425,Vågåmo og omegnVågå,455000.0
1426,VålandStavanger,505600.0
1427,VåleRe,548900.0
1428,VålerVåler,539196.1050328227
1429,VålerengaOslo,386900.0
1430,VærøyVærøy,439200.0
1431,Ytre ArnaBergen,465000.0
1432,Ytre AustevollAustevoll,567300.0
1433,Ytre AverøyAverøy,545700.0
1434,Ytre BremangerBremanger,485100.0
1435,Ytre EnebakkEnebakk,580200.0
1436,Ytre GjemnesGjemnes,507100.0
1437,Ytre GjerstadGjerstad,470700.0
1438,Ytre Herøy 1Herøy,538500.0
1439,Ytre Herøy 2Herøy,609700.0
1440,Ytre KrødsheradKrødsherad,479200.0
1441,Ytre RandesundKristiansand,597900.0
1442,Ytre RendalenRendalen,394900.0
1443,Ytre SoknedalRingerike,481300.0
1444,Ytre SundSund,584900.0
1445,Ytre TastaStavanger,596100.0
1446,Ytre UlsteinUlstein,509400.0
1447,Ytre VadsøVadsø,482700.0
1448,Ytre ÅdalRingerike,523700.0
1449,YtrebygdaBergen,683300.0
1450,YtterøyLevanger,476900.0
1451,YvenSarpsborg,531700.0
1452,ÅbøSauda,432300.0
1453,ÅfjordÅfjord,497400.0
1454,ÅfossSkien,598100.0
1455,ÅkraKarmøy,490200.0
1456,ÅlefjærKristiansand,539300.0
1457,ÅlenHoltålen,493500.0
1458,Ålgård/BygdaGjesdal,611700.0
1459,ÅlhusJølster,553200.0
1460,ÅlvikKvam,472700.0
1461,Ålvundeid/ÅlvundfjordSunndal,614100.0
1462,ÅmliÅmli,456800.0
1463,ÅmotModum,455800.0
1464,ÅmotsdalSeljord,448900.0
1465,ÅramVanylven,574300.0
1466,ÅrdalstangenÅrdal,530700.0
1467,ÅrnesNes,444300.0
1468,ÅrstadBergen,492400.0
1469,Årvik-Mauranger-ÆnesKvinnherad,606300.0
1470,ÅsEidsvoll,540200.0
1471,ÅsaneBergen,545000.0
1472,Åse-LerstadÅlesund,577400.0
1473,ÅsenLevanger,531300.0
1474,ÅsenOslo,423200.0
1475,ÅsenhagenSkedsmo,583300.0
1476,ÅseralÅseral,477600.0
1477,ÅsgårdstrandHorten,494300.0
1478,Åsnes VestsideÅsnes,449100.0
1479,ÅssidenDrammen,444200.0
1480,ÅsskardSurnadal,463500.0
1481,Åsvang-StokkanTrondheim,569800.0
1482,ÅsÅs,508300.0
1483,ØksendalSunndal,563500.0
1484,ØksnesØksnes,447800.0
1485,ØlenVindafjord,492700.0
1486,Ølve-HatlestrandaKvinnherad,478500.0
1487,Øren-UnderliaDrammen,450900.0
1488,Ørland vestØrland,464100.0
1489,Ørland østØrland,496900.0
1490,ØrmelenVerdal,424100.0
1491,ØrskogØrskog,526400.0
1492,ØrstaØrsta,500700.0
1493,ØstbyTrysil,420700.0
1494,ØstbyenBodø,428100.0
1495,Østbygda SlemmestadRøyken,596700.0
1496,Østbygda ÅrosRøyken,565000.0
1497,ØstensjøOslo,504000.0
1498,Østerås-EiksmarkaBærum,488500.0
1499,ØsterøySandefjord,522400.0
1500,ØstmarkaOslo,0.0
1501,Østre BalsfjordBalsfjord,455400.0
1502,Østre BærumsmarkaBærum,686400.0
1503,Østre ElverumElverum,447000.0
1504,Østre GausdalGausdal,503500.0
1505,Østre HalsenLarvik,546700.0
1506,Østre HitraHitra,443100.0
1507,Østre HolHol,499700.0
1508,Østre HvalerHvaler,472100.0
1509,Østre RådeRåde,584900.0
1510,Østre Sør-VarangerSør-Varanger,588000.0
1511,Østre TrøgstadTrøgstad,539100.0
1512,ØstsidaEidsvoll,477500.0
1513,Østsiden nordFredrikstad,404200.0
1514,Østsiden sydFredrikstad,429300.0
1515,ØstsinniNordre Land,434800.0
1516,ØverbygdMålselv,480600.0
1517,Øvre GjerstadGjerstad,418000.0
1518,Øvre RendalenRendalen,409400.0
1519,Øvre RennebuRennebu,480400.0
1520,Øvre SaltdalSaltdal,451300.0
1521,Øvre VerdalVerdal,505300.0
1522,Øvre og midtre KrødsheradKrødsherad,478100.0
1523,Øvre ÅrdalÅrdal,495600.0
1524,Øvrebø/HægelandVennesla,545900.0
1525,Øya-SingsakerTrondheim,427300.0
1526,ØyaneAskvoll,536500.0
1527,ØyeSurnadal,534000.0
1528,Øyene nordTromsø,592100.0
1529,ØyeneHaugesund,364800.0
1530,ØyeneStavanger,735800.0
1531,Øyer SoknØyer,490000.0
1532,Øyestad midtreArendal,472000.0
1533,Øyestad søndreArendal,500200.0
1534,Øyestad øvreArendal,553900.0
1535,ØymarkMarker,438900.0
1536,ØyrekkenFrøya,394900.0
1537,ØysteseKvam,552500.0
1538,Øystre Slidre nordØystre Slidre,438300.0
1539,Øystre Slidre sydØystre Slidre,509800.0
